{
  "train_loss": [
    1.3838836614608765,
    0.5374273397922515,
    0.3000933423757553,
    0.20852462306022643,
    0.16450012667179106,
    0.13286155352592469,
    0.1166749385356903,
    0.0978739671945572,
    0.08071011119037867,
    0.06527864937782288,
    0.06237835571169853,
    0.04660208189785481,
    0.03839294753074646,
    0.05439570803940296,
    0.03031587953567505,
    0.024677488470077516,
    0.024437499517202376,
    0.015745010435581207,
    0.013289841282367706,
    0.02440424911379814,
    0.014520377659797669,
    0.03678347172960639,
    0.009142186886072158,
    0.0075024531602859495,
    0.00601093887090683,
    0.007658578833937645,
    0.004582349091768265,
    0.0034434134893119336,
    0.002884799775481224,
    0.01895523905828595,
    0.00575942203104496,
    0.04171757729277015,
    0.017161406680196525,
    0.005998992314189672,
    0.0029350756280124186,
    0.0019574588321149347,
    0.0015243612080812455,
    0.0014729662794619798,
    0.001300497704744339,
    0.001677280567586422
  ],
  "train_acc": [
    65.93,
    91.07,
    94.1,
    95.61,
    96.41,
    96.98,
    97.25,
    97.65,
    98.13,
    98.64,
    98.55,
    99.15,
    99.47,
    98.77,
    99.59,
    99.65,
    99.69,
    99.88,
    99.95,
    99.6,
    99.9,
    99.18,
    99.99,
    99.98,
    99.99,
    99.96,
    100.0,
    100.0,
    100.0,
    99.59,
    99.99,
    98.94,
    99.59,
    99.95,
    100.0,
    100.0,
    100.0,
    100.0,
    100.0,
    100.0
  ],
  "val_loss": [
    0.8294944801330566,
    0.4202946891784668,
    0.3028898420333862,
    0.23509695148468018,
    0.20027928256988525,
    0.18948396301269532,
    0.14398437690734864,
    0.15491310787200926,
    0.1317434525489807,
    0.16329410076141357,
    0.13023684406280517,
    0.15862047672271729,
    0.18016232252120973,
    0.10812000489234924,
    0.10066791915893555,
    0.13983493995666504,
    0.09622455549240112,
    0.09970763516426086,
    0.11396931743621826,
    0.0886399120092392,
    0.1359949378967285,
    0.09301455509662628,
    0.09258342623710632,
    0.08334055197238922,
    0.08776950001716614,
    0.0849063982963562,
    0.08131675505638122,
    0.08421061384677887,
    0.11011994743347168,
    0.10805898022651672,
    0.12164951705932617,
    0.12775682878494263,
    0.11428865265846253,
    0.0937979120016098,
    0.07667814058065414,
    0.07749686765670777,
    0.07812112545967102,
    0.07968770188093185,
    0.07678429037332535,
    0.13751316499710084
  ],
  "val_acc": [
    85.2,
    91.15,
    92.1,
    94.8,
    94.45,
    94.65,
    96.0,
    95.4,
    96.45,
    95.0,
    96.2,
    94.95,
    94.65,
    96.55,
    96.85,
    95.7,
    97.3,
    96.9,
    96.7,
    97.45,
    95.55,
    97.1,
    97.4,
    97.35,
    97.45,
    97.8,
    97.75,
    97.6,
    96.65,
    96.75,
    96.35,
    95.85,
    96.95,
    97.3,
    97.95,
    97.8,
    97.85,
    97.9,
    97.85,
    96.75
  ],
  "lr": [
    0.001,
    0.001,
    0.001,
    0.001,
    0.001,
    0.001,
    0.001,
    0.001,
    0.001,
    0.001,
    0.001,
    0.001,
    0.001,
    0.001,
    0.001,
    0.001,
    0.001,
    0.001,
    0.001,
    0.001,
    0.001,
    0.001,
    0.001,
    0.001,
    0.001,
    0.001,
    0.001,
    0.001,
    0.001,
    0.001,
    0.001,
    0.001,
    0.001,
    0.001,
    0.001,
    0.001,
    0.001,
    0.001,
    0.001,
    0.001
  ]
}