{
  "train_loss": [
    1.5010736359596253,
    0.719891208934784,
    0.44305765872001646,
    0.3277674353122711,
    0.26841711003780366,
    0.22493432354927062,
    0.19118721516132356,
    0.1688357617378235,
    0.14494017859101296,
    0.12523675184249877,
    0.1082352855682373,
    0.09521531897187233,
    0.0801697081565857,
    0.08251024349331856,
    0.06384994045495987,
    0.057633080726861956,
    0.049036660671234134,
    0.03815456985831261,
    0.03250965988636017,
    0.03603097160160541,
    0.02607302545309067,
    0.03545668132305145,
    0.017250658136606218,
    0.014647631478309631,
    0.010672840476036071,
    0.00950801354944706,
    0.00842473784685135,
    0.010722155499458314,
    0.006735714048147202,
    0.005080132636427879,
    0.005372678998112678,
    0.006417049868777394,
    0.004334757107496262,
    0.004168163224309683,
    0.0029680820744484664,
    0.002991670358926058,
    0.002900394640862942,
    0.05847013332545757,
    0.05532562781572342,
    0.032322926568984986
  ],
  "train_acc": [
    62.12,
    86.56,
    90.01,
    91.84,
    92.97,
    94.15,
    95.03,
    95.49,
    96.29,
    96.79,
    97.34,
    97.74,
    98.31,
    98.1,
    98.71,
    98.85,
    99.09,
    99.58,
    99.72,
    99.43,
    99.72,
    99.42,
    99.94,
    99.95,
    100.0,
    100.0,
    99.96,
    99.97,
    100.0,
    100.0,
    100.0,
    99.98,
    100.0,
    100.0,
    100.0,
    100.0,
    100.0,
    98.33,
    98.26,
    99.3
  ],
  "val_loss": [
    1.0223063049316405,
    0.5873925437927247,
    0.39749448490142825,
    0.3074196262359619,
    0.2673644037246704,
    0.27724744033813475,
    0.262915246963501,
    0.28086343669891356,
    0.19060863780975343,
    0.20177860116958618,
    0.17747340965270997,
    0.16647871685028076,
    0.17471419763565063,
    0.161531596660614,
    0.16982794713973998,
    0.25352424144744873,
    0.16813891792297364,
    0.21123833465576172,
    0.21385272693634033,
    0.29067297649383544,
    0.20225687170028686,
    0.13517477464675903,
    0.16403158974647522,
    0.14459324955940248,
    0.144810133934021,
    0.14272154045104982,
    0.1458705563545227,
    0.16359095764160156,
    0.14377501678466797,
    0.1281816518306732,
    0.13929318058490753,
    0.16628412342071533,
    0.1398242907524109,
    0.15835743379592895,
    0.13373001956939698,
    0.13657310438156128,
    0.15031606316566468,
    0.2837870855331421,
    0.24973444366455078,
    0.2132485318183899
  ],
  "val_acc": [
    80.9,
    85.95,
    89.85,
    91.5,
    92.2,
    92.0,
    92.4,
    91.2,
    94.05,
    93.85,
    94.1,
    94.4,
    94.6,
    95.0,
    94.65,
    91.6,
    94.6,
    93.3,
    93.25,
    90.95,
    93.35,
    95.4,
    95.1,
    95.25,
    95.4,
    95.5,
    95.7,
    94.5,
    95.8,
    95.75,
    95.65,
    95.0,
    95.75,
    95.3,
    95.6,
    95.8,
    95.35,
    91.25,
    92.15,
    93.45
  ],
  "lr": [
    0.001,
    0.001,
    0.001,
    0.001,
    0.001,
    0.001,
    0.001,
    0.001,
    0.001,
    0.001,
    0.001,
    0.001,
    0.001,
    0.001,
    0.001,
    0.001,
    0.001,
    0.001,
    0.001,
    0.001,
    0.001,
    0.001,
    0.001,
    0.001,
    0.001,
    0.001,
    0.001,
    0.001,
    0.001,
    0.001,
    0.001,
    0.001,
    0.001,
    0.001,
    0.001,
    0.001,
    0.001,
    0.001,
    0.001,
    0.001
  ]
}