{
  "train_loss": [
    2.138013615018942,
    1.9073249343782663,
    1.7195686855438082,
    1.5847313512455334,
    1.4590391645377332,
    1.3170526691458442,
    1.1614726198498497,
    1.0453598349439828,
    0.9438851997256279,
    0.8584302724339068,
    0.6887267707762393,
    0.65926588232502,
    0.6425235465761613,
    0.6316498433747753,
    0.6193531844764948,
    0.6070477851581845,
    0.5956223513084379,
    0.5871302183209495,
    0.5767707059329207,
    0.5636902194978162,
    0.5292840081013062,
    0.5246337624266744,
    0.5220692398195917,
    0.521559572164816,
    0.5190632343080572,
    0.5174756290348754,
    0.5164975002831356,
    0.5153772422239523,
    0.5142668275882236,
    0.512209231774746
  ],
  "val_loss": [
    1.99747427482605,
    1.8466065208435058,
    1.6545557872772216,
    1.5262791694641114,
    1.4426750299453734,
    1.312931807422638,
    1.1673977695465088,
    0.9994083498001098,
    0.9255646069526673,
    0.8766329779624938,
    0.7423091923713684,
    0.7266998499870301,
    0.7334446334838867,
    0.7196411015510559,
    0.7247919199943542,
    0.7194085359573364,
    0.7213112009048462,
    0.7079837588310242,
    0.7037947765350342,
    0.7168620399475097,
    0.6924149092674255,
    0.6905982193946838,
    0.6907863874435425,
    0.6936592153549195,
    0.6940461025238037,
    0.6919369047164917,
    0.6930346561431885,
    0.6900397100448609,
    0.6916576631546021,
    0.6924607040405274
  ],
  "val_accuracy": [
    24.14,
    30.98,
    38.2,
    45.2,
    48.38,
    52.34,
    59.4,
    65.36,
    67.86,
    69.36,
    73.76,
    74.06,
    73.9,
    74.54,
    74.92,
    74.24,
    75.22,
    74.86,
    75.28,
    74.74,
    75.9,
    76.22,
    76.02,
    76.0,
    76.2,
    76.24,
    76.16,
    76.12,
    76.36,
    76.04
  ]
}