{
  "train_loss": [
    2.2478985380943475,
    2.1398254853990073,
    2.02776249458113,
    1.9017511133647635,
    1.8325839439011595,
    1.763501754959526,
    1.6877586972682983,
    1.6223803792158356,
    1.5626892814855746,
    1.5021091627952692,
    1.4476573962689665,
    1.3919590171950553,
    1.3399408055693292,
    1.295705333542641,
    1.2508317529392974,
    1.2105690194365313,
    1.169088702296357,
    1.1307904593017706,
    1.0918058240047805,
    1.0565762076231524,
    1.019577830343905,
    0.988438502678176,
    0.9526516856897213,
    0.9308128525381503,
    0.9010289972243102,
    0.87884494677529,
    0.84690989713992,
    0.8156800056281297,
    0.7879859820732376,
    0.76968531969868
  ],
  "val_loss": [
    2.155209137916565,
    2.1068392623901366,
    1.9199995733261108,
    1.8516753002166748,
    1.7749818397521973,
    1.6983202671051025,
    1.6866990413665772,
    1.5782410837173462,
    1.5135445302963257,
    1.4924236232757568,
    1.450531060028076,
    1.426538024520874,
    1.333268185043335,
    1.3340912118911743,
    1.250796629333496,
    1.262739891052246,
    1.2324731317520141,
    1.200607883644104,
    1.096496200466156,
    1.1337634647369386,
    1.1139427499771117,
    1.0665171731948853,
    1.0793880178451538,
    1.003238318824768,
    1.0029792677879334,
    1.089488496208191,
    1.044036358642578,
    0.9671002983093262,
    0.9554375602722168,
    0.9350368755340576
  ]
}