{
  "train_loss": [
    1.4109909077259628,
    0.9338946378027851,
    0.7307977230203423,
    0.6013141316361725,
    0.5115619594739242,
    0.4324406680058349,
    0.37717298030937935,
    0.32023864472284913,
    0.2735013689591803,
    0.23020256141369994,
    0.1084614900808612,
    0.07836433142603544,
    0.0654852037048179,
    0.05702521509639072,
    0.05278628438827582,
    0.0487312440527603,
    0.044028225133925764,
    0.04074594782485457,
    0.03894157713379669,
    0.03587434975832531,
    0.03321516523349353,
    0.03235977622071831,
    0.03169966929470485,
    0.031758296136765486,
    0.03147193449761041,
    0.030710889035782948,
    0.03222069823161953,
    0.031103536986682393,
    0.03211909765642221,
    0.030547934139824727
  ],
  "val_loss": [
    1.2049143156051636,
    0.9026115663528442,
    0.7380588880538941,
    0.7559218786239624,
    0.645515538597107,
    0.6645051993370056,
    0.5903382249832153,
    0.6353744283676147,
    0.47160831241607665,
    0.49950392813682554,
    0.36191917672157287,
    0.3606355072498322,
    0.36554673688411715,
    0.3597414321422577,
    0.36165885989665986,
    0.36063761112689974,
    0.371046138215065,
    0.36499811902046203,
    0.3611210919380188,
    0.3651286819219589,
    0.3667937278032303,
    0.36771585190296174,
    0.36150867915153506,
    0.36260308797359464,
    0.36286716763973237,
    0.3617279224514961,
    0.365660285115242,
    0.3635572557926178,
    0.3630019335269928,
    0.36350647888183596
  ],
  "val_accuracy": [
    58.94,
    70.14,
    74.6,
    74.26,
    78.54,
    77.5,
    79.3,
    78.34,
    84.1,
    83.78,
    88.1,
    88.3,
    88.06,
    88.34,
    88.24,
    88.32,
    88.06,
    88.28,
    88.08,
    88.1,
    88.06,
    87.9,
    88.14,
    87.9,
    88.0,
    88.04,
    88.06,
    88.12,
    87.92,
    88.16
  ]
}