{
  "train_loss": [
    1.7753361890792847,
    1.136812936592102,
    0.7051239965438842,
    0.48716894760131835,
    0.38936176171302794,
    0.3217120082855225,
    0.2848432920694351,
    0.24203450708389282,
    0.21613541707992553,
    0.1852551420211792,
    0.18852183756828308,
    0.15993730316162108,
    0.14058371303081513,
    0.12320643329620361,
    0.13352834912538528,
    0.09885204042196274,
    0.09339891152381898,
    0.08929822063446045,
    0.08281695358753205,
    0.08883892905712128,
    0.10780298702716827,
    0.06553902908563614,
    0.046306867337226866,
    0.05464626494646072,
    0.03284714431315661,
    0.016669432497024537,
    0.013998508420586586,
    0.011273977333307266,
    0.011286025732755662,
    0.010986133521795272,
    0.01072682549059391,
    0.00980139502286911,
    0.010844023135304451,
    0.009485405743122101,
    0.008835123139619828,
    0.009998352599143981,
    0.008841451299190521,
    0.009928054332733154,
    0.009283225506544113,
    0.008578369182348252,
    0.009098938550055027,
    0.007725301665067672,
    0.007811952847242356,
    0.0074601361408829685,
    0.00744316583275795,
    0.006966391161084175,
    0.006794830642640591,
    0.00628915087133646,
    0.0063341439545154575,
    0.006130873450636864
  ],
  "train_acc": [
    40.46,
    71.32,
    84.81,
    88.39,
    90.07,
    91.66,
    92.42,
    93.56,
    94.1,
    95.13,
    94.75,
    95.58,
    96.33,
    96.66,
    96.5,
    97.45,
    97.59,
    97.95,
    97.88,
    97.84,
    97.01,
    98.44,
    99.15,
    98.76,
    99.57,
    99.92,
    99.95,
    99.99,
    100.0,
    100.0,
    99.99,
    99.99,
    99.99,
    100.0,
    99.99,
    100.0,
    99.99,
    99.98,
    100.0,
    100.0,
    99.98,
    100.0,
    100.0,
    100.0,
    100.0,
    100.0,
    100.0,
    100.0,
    100.0,
    100.0
  ],
  "val_loss": [
    1.579178077697754,
    0.9860829772949219,
    0.7544086685180664,
    1.0291239280700684,
    0.5910319576263428,
    0.6329041728973389,
    0.5294925594329833,
    0.4934960784912109,
    0.41981954097747803,
    0.6204556427001953,
    0.3175038318634033,
    0.4082624568939209,
    0.4425475025177002,
    0.3423612146377564,
    0.4109594135284424,
    0.3785837001800537,
    0.43294540309906004,
    0.3206123275756836,
    0.48015365982055663,
    0.6411546897888184,
    0.6799214057922364,
    0.39119826316833495,
    0.39043499279022215,
    0.40286471366882326,
    0.27428800582885743,
    0.2098437490463257,
    0.20700704097747802,
    0.20553052186965942,
    0.20742399168014528,
    0.206687105178833,
    0.2087062773704529,
    0.2122238025665283,
    0.2027105026245117,
    0.2033330135345459,
    0.20568295431137085,
    0.2051825919151306,
    0.20613235712051392,
    0.2126594247817993,
    0.2098766551017761,
    0.20795260143280028,
    0.2096720676422119,
    0.2109120569229126,
    0.2102312207221985,
    0.21616157150268556,
    0.21195727443695067,
    0.20964305591583252,
    0.20798211574554443,
    0.21030733394622803,
    0.21258584117889404,
    0.2132549195289612
  ],
  "val_acc": [
    47.7,
    70.85,
    80.8,
    64.5,
    80.0,
    78.9,
    82.0,
    83.9,
    86.05,
    79.25,
    89.8,
    86.9,
    84.95,
    87.75,
    86.25,
    87.3,
    86.35,
    89.75,
    84.65,
    81.2,
    81.0,
    87.8,
    88.45,
    87.1,
    91.8,
    93.15,
    92.95,
    93.2,
    92.95,
    92.95,
    93.05,
    93.1,
    93.55,
    93.3,
    93.05,
    93.9,
    93.25,
    92.9,
    93.15,
    93.85,
    93.2,
    93.1,
    93.25,
    92.9,
    93.2,
    93.1,
    93.35,
    93.25,
    93.05,
    93.1
  ],
  "lr": [
    0.001,
    0.001,
    0.001,
    0.001,
    0.001,
    0.001,
    0.001,
    0.001,
    0.001,
    0.001,
    0.001,
    0.001,
    0.001,
    0.001,
    0.001,
    0.001,
    0.001,
    0.001,
    0.001,
    0.001,
    0.001,
    0.001,
    0.001,
    0.001,
    0.001,
    0.0001,
    0.0001,
    0.0001,
    0.0001,
    0.0001,
    0.0001,
    0.0001,
    0.0001,
    0.0001,
    0.0001,
    0.0001,
    0.0001,
    0.0001,
    0.0001,
    0.0001,
    0.0001,
    0.0001,
    0.0001,
    0.0001,
    0.0001,
    0.0001,
    0.0001,
    0.0001,
    0.0001,
    0.0001
  ]
}