{
  "train_loss": [
    2.299443107126924,
    2.254499720185614,
    2.171191842354777,
    2.1274872364290536,
    2.101785952782692,
    2.053773674513678,
    1.9127093588604647,
    1.8337341071394704,
    1.754971099174236,
    1.6585013447210306,
    1.5962797183819744,
    1.526597891012421,
    1.4763704443831578,
    1.4202629236309119,
    1.3801052210580966,
    1.3405579216492451,
    1.3052340186465428,
    1.270359540686888,
    1.234301029187639,
    1.2016121239765831,
    1.173989550460635,
    1.1450023955243933,
    1.1136699886730566,
    1.0906186308092474,
    1.0643955639866003,
    1.0436229453519787,
    1.0183215094801714,
    0.9967191548603574,
    0.9640850697636909,
    0.9515395615716724
  ],
  "val_loss": [
    2.2884135131835937,
    2.2063409019470215,
    2.1231013549804687,
    2.113296694946289,
    2.07649577331543,
    1.9479648677825927,
    1.8964994316101074,
    1.7854883771896362,
    1.6971867324829102,
    1.6208450010299682,
    1.578768670654297,
    1.523610765647888,
    1.420299758529663,
    1.3771182434082032,
    1.336130219268799,
    1.3163912433624267,
    1.2873053177833558,
    1.300469690799713,
    1.2249384288787841,
    1.207100650215149,
    1.196407590866089,
    1.1630379871368408,
    1.1932796529769898,
    1.1025729382514953,
    1.0964217973709107,
    1.1353734904289245,
    1.0856952892303466,
    1.047485249710083,
    1.03496543340683,
    1.025508620262146
  ]
}