{
  "train_loss": [
    1.733131438446045,
    1.1483032611846924,
    0.7729920198440552,
    0.5318785801887512,
    0.41231280589103697,
    0.34825362334251403,
    0.3085043126106262,
    0.2674915259361267,
    0.22660682941675186,
    0.19175897750854493,
    0.1773190775871277,
    0.17360698951482773,
    0.13227031092643737,
    0.1513552237033844,
    0.11363709349632263,
    0.10782944149374962,
    0.07998697983026505,
    0.07119875645637512,
    0.08003163390159607,
    0.07547649140357972,
    0.0650126657485962,
    0.05202762014567852,
    0.03513904871940613,
    0.04628080544471741,
    0.040898823285102845,
    0.05046597979068756,
    0.05194549422264099,
    0.03824322936534882,
    0.02967903188467026,
    0.029094158416986465,
    0.019610638546943664,
    0.013706217288970948,
    0.016691269832849503,
    0.0074220951229333875,
    0.004583654954656959,
    0.0035930777698755263,
    0.003894748494029045,
    0.09074309448599815,
    0.09440633721351624,
    0.08979090776443481
  ],
  "train_acc": [
    41.24,
    69.12,
    82.67,
    87.32,
    89.79,
    90.98,
    91.86,
    92.59,
    93.78,
    95.15,
    95.17,
    95.27,
    96.53,
    95.78,
    97.05,
    97.24,
    98.3,
    98.5,
    98.24,
    98.16,
    98.52,
    99.11,
    99.59,
    99.06,
    99.35,
    98.94,
    98.71,
    99.37,
    99.54,
    99.52,
    99.86,
    99.95,
    99.82,
    100.0,
    100.0,
    100.0,
    100.0,
    97.27,
    96.99,
    97.33
  ],
  "val_loss": [
    1.4075289306640626,
    1.4695185699462892,
    0.9524944190979003,
    0.49871121978759764,
    0.5725005512237549,
    0.5180510368347168,
    1.5523067817687988,
    0.4200317039489746,
    0.33229941654205325,
    0.6482289600372314,
    0.459237398147583,
    0.3421380233764648,
    0.4864810476303101,
    0.5308396263122559,
    0.2944393339157104,
    0.2678718233108521,
    0.34110679626464846,
    0.4163861427307129,
    0.35851737213134766,
    0.6574220390319824,
    0.4235343866348267,
    0.28701646423339844,
    0.3306163330078125,
    0.4448098850250244,
    0.31165471744537354,
    0.385974986076355,
    0.42667308235168455,
    0.33955744504928587,
    0.4066938381195068,
    0.3133763542175293,
    0.2575186414718628,
    0.23142384099960328,
    0.30472435188293456,
    0.2421449842453003,
    0.225994366645813,
    0.21655111122131349,
    0.2438365797996521,
    0.6378224754333496,
    0.3701932258605957,
    0.3241553087234497
  ],
  "val_acc": [
    51.15,
    44.55,
    68.3,
    87.0,
    80.45,
    83.7,
    53.7,
    86.0,
    89.2,
    77.7,
    84.7,
    88.9,
    84.05,
    82.2,
    90.7,
    91.15,
    88.65,
    86.25,
    89.1,
    80.75,
    87.25,
    90.9,
    89.6,
    86.55,
    89.5,
    88.05,
    86.55,
    89.75,
    87.9,
    91.3,
    92.45,
    92.9,
    91.45,
    92.85,
    93.85,
    93.7,
    93.25,
    81.45,
    87.85,
    89.6
  ],
  "lr": [
    0.001,
    0.001,
    0.001,
    0.001,
    0.001,
    0.001,
    0.001,
    0.001,
    0.001,
    0.001,
    0.001,
    0.001,
    0.001,
    0.001,
    0.001,
    0.001,
    0.001,
    0.001,
    0.001,
    0.001,
    0.001,
    0.001,
    0.001,
    0.001,
    0.001,
    0.001,
    0.001,
    0.001,
    0.001,
    0.001,
    0.001,
    0.001,
    0.001,
    0.001,
    0.001,
    0.001,
    0.001,
    0.001,
    0.001,
    0.001
  ]
}