{
  "cnn": {
    "train_loss": [
      2.302559730682373,
      2.3025851249694824,
      2.3025851249694824,
      2.3025851249694824,
      2.3025851249694824,
      2.3025851249694824,
      2.3025851249694824,
      2.3025851249694824,
      2.3025851249694824,
      2.3025851249694824,
      2.3025851249694824,
      2.3025851249694824,
      2.3025851249694824,
      2.3025851249694824,
      2.3025851249694824,
      2.3025851249694824,
      2.3025851249694824,
      2.3025851249694824,
      2.3025851249694824,
      2.3025851249694824,
      2.3025851249694824,
      2.3025851249694824,
      2.3025851249694824,
      2.3025851249694824,
      2.3025851249694824,
      2.3025851249694824,
      2.3025851249694824,
      2.3025851249694824,
      2.3025851249694824,
      2.3025851249694824
    ],
    "train_acc": [
      10.186,
      10.0,
      10.0,
      10.0,
      10.0,
      10.0,
      10.0,
      10.0,
      10.0,
      10.0,
      10.0,
      10.0,
      10.0,
      10.0,
      10.0,
      10.0,
      10.0,
      10.0,
      10.0,
      10.0,
      10.0,
      10.0,
      10.0,
      10.0,
      10.0,
      10.0,
      10.0,
      10.0,
      10.0,
      10.0
    ],
    "test_loss": [
      2.3025851249694824,
      2.3025851249694824,
      2.3025851249694824,
      2.3025851249694824,
      2.3025851249694824,
      2.3025851249694824,
      2.3025851249694824,
      2.3025851249694824,
      2.3025851249694824,
      2.3025851249694824,
      2.3025851249694824,
      2.3025851249694824,
      2.3025851249694824,
      2.3025851249694824,
      2.3025851249694824,
      2.3025851249694824,
      2.3025851249694824,
      2.3025851249694824,
      2.3025851249694824,
      2.3025851249694824,
      2.3025851249694824,
      2.3025851249694824,
      2.3025851249694824,
      2.3025851249694824,
      2.3025851249694824,
      2.3025851249694824,
      2.3025851249694824,
      2.3025851249694824,
      2.3025851249694824,
      2.3025851249694824
    ],
    "test_acc": [
      10.0,
      10.0,
      10.0,
      10.0,
      10.0,
      10.0,
      10.0,
      10.0,
      10.0,
      10.0,
      10.0,
      10.0,
      10.0,
      10.0,
      10.0,
      10.0,
      10.0,
      10.0,
      10.0,
      10.0,
      10.0,
      10.0,
      10.0,
      10.0,
      10.0,
      10.0,
      10.0,
      10.0,
      10.0,
      10.0
    ],
    "best_test_acc": 10.0,
    "n_params": 1369738
  },
  "gcnn_p4": {
    "train_loss": [
      2.1407765417099,
      1.8693355591201781,
      1.60629081325531,
      1.3547238204193115,
      1.1202982821273804,
      0.9347746836853027,
      0.8112854187202454,
      0.7001257047843933,
      0.628466142692566,
      0.5694669090175629,
      0.5234534798336029,
      0.4839260988807678,
      0.4515495784378052,
      0.42121711341381074,
      0.394133236656189,
      0.2763701552414894,
      0.2593602042007446,
      0.24857232608795166,
      0.24125001433372498,
      0.23236682649612428,
      0.23071642621994018,
      0.22643668994903565,
      0.20874356212615966,
      0.20420030386924742,
      0.2047594847202301,
      0.20281646837234496,
      0.20206208527088165,
      0.20255360995292662,
      0.2021240532207489,
      0.1994113476085663
    ],
    "train_acc": [
      19.998,
      29.6,
      39.692,
      50.324,
      60.228,
      67.086,
      71.93,
      75.892,
      78.628,
      80.44,
      82.046,
      83.48,
      84.33,
      85.424,
      86.536,
      90.506,
      91.112,
      91.404,
      91.71,
      91.978,
      92.102,
      92.088,
      92.92,
      92.942,
      92.938,
      93.046,
      93.092,
      92.978,
      92.978,
      93.082
    ],
    "test_loss": [
      1.9474737308502197,
      1.7276684505462647,
      1.5158505842208863,
      1.4776600162506104,
      1.0061253843307496,
      0.9116994110107421,
      0.7764020183563233,
      0.6949071588516236,
      0.6201990384101868,
      0.663691704082489,
      0.6161712169647217,
      0.5252637779712677,
      0.5582443519115448,
      0.5261705062866211,
      0.49269098529815675,
      0.41172264680862425,
      0.40560147151947024,
      0.407153714466095,
      0.4070349609375,
      0.4073678411483765,
      0.4044150628089905,
      0.38892071328163147,
      0.3980023244857788,
      0.39936416430473326,
      0.39638210225105286,
      0.401500279378891,
      0.4024517364025116,
      0.39667446393966677,
      0.39800291423797607,
      0.40169561820030214
    ],
    "test_acc": [
      27.05,
      35.54,
      43.92,
      49.41,
      63.95,
      67.39,
      74.05,
      76.51,
      79.27,
      78.09,
      80.36,
      82.24,
      80.76,
      82.28,
      84.5,
      86.61,
      87.05,
      87.26,
      87.15,
      87.4,
      87.06,
      87.63,
      87.59,
      87.52,
      87.63,
      87.58,
      87.46,
      87.71,
      87.71,
      87.68
    ],
    "best_test_acc": 87.71,
    "n_params": 926304
  },
  "gcnn_p4m": {
    "train_loss": [
      2.083945556373596,
      1.8229404287719726,
      1.638962301940918,
      1.3860053723144532,
      1.1607328454399108,
      0.9815676918029785,
      0.8395807628250123,
      0.742501605682373,
      0.6816434824943542,
      0.6076789378547669,
      0.5554246913528442,
      0.5167309581184387,
      0.47952821981430055,
      0.4500536415290832,
      0.4203026753139496,
      0.2967810698080063,
      0.2739498841381073,
      0.26555994735240934,
      0.25828175883293153,
      0.24939094354629518,
      0.24322123598575593,
      0.23932347996234893,
      0.22431862778663636,
      0.21907087623119353,
      0.21877269872188568,
      0.2199427787399292,
      0.21603553111553192,
      0.2162949304151535,
      0.21459886573791503,
      0.21594993266105653
    ],
    "train_acc": [
      21.382,
      32.382,
      39.784,
      49.968,
      58.828,
      65.794,
      71.036,
      74.552,
      76.476,
      79.03,
      80.948,
      82.168,
      83.516,
      84.658,
      85.582,
      89.902,
      90.54,
      90.794,
      91.052,
      91.412,
      91.638,
      91.732,
      92.246,
      92.412,
      92.382,
      92.352,
      92.498,
      92.428,
      92.54,
      92.55
    ],
    "test_loss": [
      1.913098053741455,
      1.7097619556427002,
      1.521830927848816,
      1.2227121156692504,
      1.0639333797454833,
      0.9013670282363891,
      0.8954090846061706,
      0.7181461526870727,
      0.701718249130249,
      0.6560081234931946,
      0.6683551922798157,
      0.567292698097229,
      0.5806399032592774,
      0.5770739622116089,
      0.5377320226669311,
      0.44376484479904177,
      0.45372485456466677,
      0.44634075775146487,
      0.45900451145172116,
      0.44976788902282716,
      0.43966083116531374,
      0.4446744359970093,
      0.4346811492919922,
      0.4333974246025085,
      0.4373412784576416,
      0.43366636238098144,
      0.4332875457763672,
      0.4347081287384033,
      0.43489027967453003,
      0.4368329881668091
    ],
    "test_acc": [
      27.34,
      36.45,
      44.0,
      57.04,
      62.08,
      68.83,
      69.28,
      75.4,
      76.2,
      78.0,
      77.77,
      80.94,
      80.46,
      81.07,
      82.72,
      85.9,
      85.41,
      85.78,
      85.64,
      85.96,
      86.4,
      86.32,
      86.69,
      86.6,
      86.66,
      86.66,
      86.81,
      86.69,
      86.82,
      86.81
    ],
    "best_test_acc": 86.82,
    "n_params": 824896
  }
}