{
  "train_loss": [
    1.731536121749878,
    1.1451682131767273,
    0.7730114078521728,
    0.5292452380180359,
    0.4129037470340729,
    0.3447045365333557,
    0.3022628105163574,
    0.26481566400527956,
    0.22762082008719445,
    0.18890093331336974,
    0.17962652554512024,
    0.1711334103822708,
    0.13348718299865722,
    0.14718101613521575,
    0.10964455790519714,
    0.10513417322337627,
    0.0829133594274521,
    0.07803713541030884,
    0.0715169394493103,
    0.07312549178600311,
    0.057973777997493744,
    0.04597980423867702,
    0.033713603174686434,
    0.04775585722923279,
    0.05138036489486694,
    0.02168684039413929,
    0.013118256044387818,
    0.012555873781442642,
    0.010794167160987854,
    0.010038265079259872,
    0.009867462927103042,
    0.009542322587966919,
    0.008842268352210522,
    0.00843577755689621,
    0.008174340495467187,
    0.007882468532025814,
    0.007515282455086708,
    0.008757475477457047,
    0.007339997184276581,
    0.007499132794141769,
    0.007191034376621246,
    0.006740158268809318,
    0.0065635430037975315,
    0.006446118760108948,
    0.006269042843580246,
    0.007117231354117393,
    0.00632687715291977,
    0.0061669812679290776,
    0.005517184740304947,
    0.0056023463219404225
  ],
  "train_acc": [
    41.41,
    69.23,
    82.52,
    87.48,
    89.62,
    91.07,
    92.09,
    92.61,
    93.79,
    95.19,
    95.06,
    95.21,
    96.65,
    96.12,
    97.28,
    97.39,
    98.24,
    98.23,
    98.44,
    98.3,
    98.79,
    99.24,
    99.57,
    99.07,
    98.88,
    99.83,
    99.96,
    99.99,
    100.0,
    100.0,
    100.0,
    100.0,
    100.0,
    100.0,
    100.0,
    100.0,
    99.99,
    100.0,
    100.0,
    100.0,
    100.0,
    100.0,
    100.0,
    100.0,
    100.0,
    99.98,
    100.0,
    100.0,
    100.0,
    100.0
  ],
  "val_loss": [
    1.4289947280883788,
    1.4504837188720703,
    0.9290112533569336,
    0.5388172016143798,
    0.6892539348602295,
    0.4729716148376465,
    1.3628133850097657,
    0.4945120058059692,
    0.29596103954315184,
    0.6301772747039794,
    0.38284132003784177,
    0.29789048194885254,
    0.4085986576080322,
    0.7281074848175049,
    0.3346790170669556,
    0.4644625606536865,
    0.32443053340911865,
    0.35916402626037597,
    0.4858833999633789,
    0.28302635192871095,
    0.6047455139160156,
    0.3354797849655151,
    0.26575087642669676,
    0.5278519821166993,
    0.48073559188842774,
    0.20261835765838623,
    0.20085617542266845,
    0.19911697626113892,
    0.2022477970123291,
    0.19525254583358764,
    0.20037908267974852,
    0.19779529333114623,
    0.19853967142105103,
    0.19774827194213868,
    0.20136706447601319,
    0.19984635829925537,
    0.20705657863616944,
    0.20322463941574095,
    0.2056679620742798,
    0.20145298862457275,
    0.20882494068145752,
    0.21372032499313354,
    0.205955650806427,
    0.2101475830078125,
    0.21014656066894533,
    0.20917945098876953,
    0.21061566591262817,
    0.20420973014831542,
    0.20946705150604247,
    0.21288208866119385
  ],
  "val_acc": [
    51.05,
    45.55,
    70.1,
    85.6,
    75.35,
    84.95,
    57.95,
    83.95,
    90.6,
    78.2,
    87.65,
    90.45,
    85.7,
    77.55,
    89.2,
    85.5,
    89.7,
    88.4,
    85.05,
    90.25,
    82.6,
    88.85,
    91.65,
    83.9,
    84.95,
    93.25,
    93.3,
    93.35,
    93.45,
    93.55,
    93.55,
    93.65,
    93.6,
    93.85,
    93.5,
    93.3,
    93.4,
    93.7,
    93.4,
    93.9,
    93.4,
    93.7,
    93.35,
    93.75,
    93.6,
    93.4,
    93.6,
    93.65,
    93.5,
    93.6
  ],
  "lr": [
    0.001,
    0.001,
    0.001,
    0.001,
    0.001,
    0.001,
    0.001,
    0.001,
    0.001,
    0.001,
    0.001,
    0.001,
    0.001,
    0.001,
    0.001,
    0.001,
    0.001,
    0.001,
    0.001,
    0.001,
    0.001,
    0.001,
    0.001,
    0.001,
    0.001,
    0.0001,
    0.0001,
    0.0001,
    0.0001,
    0.0001,
    0.0001,
    0.0001,
    0.0001,
    0.0001,
    0.0001,
    0.0001,
    0.0001,
    0.0001,
    0.0001,
    0.0001,
    0.0001,
    0.0001,
    0.0001,
    0.0001,
    0.0001,
    0.0001,
    0.0001,
    0.0001,
    0.0001,
    0.0001
  ]
}