{
  "train_loss": [
    2.076246314428069,
    1.842842475426468,
    1.6417518049817195,
    1.4546653076329015,
    1.2536912393671544,
    1.0690268902108073,
    0.9113440275700255,
    0.8065786083990877,
    0.7202947120266882,
    0.6497294761409814,
    0.47338739124296064,
    0.43940416021822865,
    0.4199570808347992,
    0.4059664888138121,
    0.39005888666195626,
    0.37644280442460015,
    0.3616992123213343,
    0.3470201123273,
    0.3340309957275167,
    0.31925915695980867,
    0.2797453680858863,
    0.2745016645110974,
    0.2715008356238038,
    0.2710220862010663,
    0.26769147715954617,
    0.2652122455924241,
    0.26322370397180994,
    0.262113316048106,
    0.2599179468604482,
    0.2576226777587594
  ],
  "val_loss": [
    1.931456337928772,
    1.7470384956359863,
    1.4961771335601806,
    1.37905253200531,
    1.1033817111492157,
    0.9839567150115966,
    0.8775528480529785,
    0.8127705194950103,
    0.7317885919570923,
    0.7355635076522827,
    0.6277632266044617,
    0.6252863080978394,
    0.6225359699249268,
    0.6162144406318665,
    0.6389064992904663,
    0.6189078241348267,
    0.6228900351524354,
    0.6242293254852295,
    0.6313281949996948,
    0.6317936573982239,
    0.6255829967498779,
    0.6312170248031617,
    0.6345853978157043,
    0.6353645316123963,
    0.6386599820137024,
    0.6400250876426696,
    0.6416092456817627,
    0.6390322562217713,
    0.6415254844665528,
    0.6466224380493164
  ],
  "val_accuracy": [
    27.38,
    36.96,
    46.22,
    51.64,
    59.38,
    65.52,
    69.28,
    71.72,
    74.62,
    74.72,
    78.68,
    78.64,
    78.98,
    79.02,
    78.68,
    79.4,
    79.18,
    79.56,
    79.32,
    79.64,
    79.6,
    79.78,
    79.48,
    79.72,
    79.5,
    79.54,
    79.66,
    79.68,
    79.62,
    79.36
  ]
}