{
  "train_loss": [
    1.776372597694397,
    1.1373697101593017,
    0.7085008255958557,
    0.48500467548370363,
    0.3890132267951965,
    0.32197375555038454,
    0.28382353644371033,
    0.24080975408554078,
    0.21795514993667603,
    0.1792183418750763,
    0.18130556349754334,
    0.15941280674934388,
    0.13858335173130035,
    0.11887745046615601,
    0.12799245715141297,
    0.10216301546096802,
    0.08546575074195861,
    0.08543587985038757,
    0.07505047821998596,
    0.08278153138160706,
    0.10512708232402801,
    0.06260770305395126,
    0.04345562709569931,
    0.05106583206653595,
    0.04843693772554398,
    0.025340100133419037,
    0.051641502892971036,
    0.02230394825041294,
    0.01319326291680336,
    0.009786002373695373,
    0.018375466623902322,
    0.015241843581199645,
    0.10815528678894043,
    0.08521639794111252,
    0.0322482630610466,
    0.04058258448243141,
    0.02044173577427864,
    0.03092382173538208,
    0.02372892822623253,
    0.023901284158229827
  ],
  "train_acc": [
    40.25,
    71.29,
    84.69,
    88.48,
    90.05,
    91.72,
    92.39,
    93.38,
    94.22,
    95.33,
    95.11,
    95.68,
    96.47,
    96.91,
    96.61,
    97.35,
    97.98,
    98.01,
    98.3,
    97.96,
    97.13,
    98.46,
    99.3,
    98.98,
    98.94,
    99.78,
    98.82,
    99.79,
    99.97,
    99.98,
    99.76,
    99.83,
    96.87,
    97.59,
    99.42,
    99.02,
    99.72,
    99.36,
    99.71,
    99.58
  ],
  "val_loss": [
    1.543982223510742,
    0.9404269866943359,
    0.7675912532806396,
    1.0303078117370605,
    0.4969078674316406,
    0.6120121517181396,
    0.5426508293151856,
    0.4049757127761841,
    0.3343566474914551,
    0.45958656597137454,
    0.2966870288848877,
    0.517280143737793,
    0.40736946678161623,
    0.3859062089920044,
    0.2844156999588013,
    0.4121744632720947,
    0.38120251750946044,
    0.2652067232131958,
    1.1476205749511719,
    0.5627053718566895,
    0.4485297985076904,
    0.4628232479095459,
    0.4104002466201782,
    0.25501941204071044,
    0.330290506362915,
    0.3665346660614014,
    0.3350780382156372,
    0.2890102548599243,
    0.25218928146362307,
    0.27925528621673584,
    0.3184120512008667,
    0.4338007583618164,
    0.5278004093170166,
    0.31164844608306885,
    0.3070336618423462,
    0.48930860328674314,
    0.30557605838775637,
    0.5515289516448975,
    0.27220733642578127,
    0.31742756748199463
  ],
  "val_acc": [
    50.8,
    75.55,
    79.6,
    63.8,
    83.85,
    79.5,
    81.35,
    87.1,
    89.45,
    84.75,
    90.45,
    83.25,
    86.45,
    87.45,
    90.75,
    86.45,
    87.8,
    91.75,
    70.15,
    82.6,
    85.95,
    86.2,
    87.75,
    92.25,
    89.65,
    88.7,
    90.25,
    91.25,
    92.75,
    92.15,
    90.8,
    87.55,
    84.65,
    90.25,
    90.65,
    86.25,
    91.05,
    85.25,
    91.9,
    90.75
  ],
  "lr": [
    0.001,
    0.001,
    0.001,
    0.001,
    0.001,
    0.001,
    0.001,
    0.001,
    0.001,
    0.001,
    0.001,
    0.001,
    0.001,
    0.001,
    0.001,
    0.001,
    0.001,
    0.001,
    0.001,
    0.001,
    0.001,
    0.001,
    0.001,
    0.001,
    0.001,
    0.001,
    0.001,
    0.001,
    0.001,
    0.001,
    0.001,
    0.001,
    0.001,
    0.001,
    0.001,
    0.001,
    0.001,
    0.001,
    0.001,
    0.001
  ]
}