{
  "train_loss": [
    1.5198374395370484,
    0.7361014554977418,
    0.4441683144569397,
    0.31806912078857424,
    0.2570417212963104,
    0.20994468417167664,
    0.18123341846466065,
    0.1557724941968918,
    0.1379956465780735,
    0.12043639369010925,
    0.1076342619419098,
    0.09950553295612335,
    0.08497324587106704,
    0.06856029906868935,
    0.06232643141746521,
    0.06532531526088714,
    0.05191821026802063,
    0.044753138601779936,
    0.037030752570927146,
    0.030978823328018188,
    0.029589411787688733,
    0.019547215300798417,
    0.015983722400665284,
    0.02942837509214878,
    0.016169022875651716,
    0.010308117409050464,
    0.008531471212953329,
    0.008127544425427914,
    0.007538186072558165,
    0.005752818468213081,
    0.009565747494995594,
    0.01461361718773842,
    0.060292685613036155,
    0.02017538246959448,
    0.01125739592909813,
    0.012230178344249725,
    0.0059437687665224075,
    0.005229874858260155,
    0.0130974652916193,
    0.004459761507809162
  ],
  "train_acc": [
    59.19,
    85.55,
    89.86,
    92.42,
    93.61,
    94.3,
    95.2,
    95.9,
    96.34,
    96.85,
    97.27,
    97.59,
    97.93,
    98.63,
    98.69,
    98.51,
    99.01,
    99.2,
    99.41,
    99.6,
    99.59,
    99.94,
    99.94,
    99.51,
    99.91,
    100.0,
    99.99,
    99.99,
    99.99,
    100.0,
    99.96,
    99.81,
    98.42,
    99.65,
    99.9,
    99.84,
    99.99,
    99.98,
    99.84,
    100.0
  ],
  "val_loss": [
    1.0628836059570312,
    0.5948033504486084,
    0.3934711799621582,
    0.32976340293884276,
    0.2775933885574341,
    0.23825263166427613,
    0.2299824275970459,
    0.23276082134246825,
    0.2141386890411377,
    0.19076716232299804,
    0.20153243827819825,
    0.20684777545928956,
    0.1859755048751831,
    0.14955784440040587,
    0.18894270992279052,
    0.15323945760726929,
    0.1555299072265625,
    0.15984250926971436,
    0.1891961259841919,
    0.19866169357299804,
    0.14661283779144288,
    0.14784684276580812,
    0.1803892583847046,
    0.19313477182388306,
    0.15050728678703307,
    0.13690977787971498,
    0.1475401532649994,
    0.14170035791397095,
    0.15012760663032532,
    0.149842200756073,
    0.1543563554286957,
    0.5176677856445312,
    0.16699266719818115,
    0.20024344682693482,
    0.15406852746009828,
    0.17090035104751586,
    0.15793345212936402,
    0.14701443481445312,
    0.14074720859527587,
    0.14442406988143922
  ],
  "val_acc": [
    75.05,
    86.2,
    90.05,
    91.4,
    92.2,
    93.25,
    93.4,
    92.65,
    93.25,
    94.25,
    93.65,
    92.95,
    94.2,
    95.5,
    93.6,
    95.3,
    94.9,
    94.75,
    94.2,
    93.95,
    95.35,
    95.4,
    94.6,
    93.95,
    95.3,
    95.8,
    95.75,
    95.8,
    95.45,
    95.8,
    94.9,
    85.45,
    95.25,
    94.3,
    95.3,
    94.85,
    95.2,
    95.8,
    95.8,
    95.75
  ],
  "lr": [
    0.001,
    0.001,
    0.001,
    0.001,
    0.001,
    0.001,
    0.001,
    0.001,
    0.001,
    0.001,
    0.001,
    0.001,
    0.001,
    0.001,
    0.001,
    0.001,
    0.001,
    0.001,
    0.001,
    0.001,
    0.001,
    0.001,
    0.001,
    0.001,
    0.001,
    0.001,
    0.001,
    0.001,
    0.001,
    0.001,
    0.001,
    0.001,
    0.001,
    0.001,
    0.001,
    0.001,
    0.001,
    0.001,
    0.001,
    0.001
  ]
}