{
  "train_loss": [
    1.3339069206237792,
    0.49222940769195556,
    0.28342538051605226,
    0.20189541330337524,
    0.17133179111480712,
    0.13048314597606658,
    0.1173631580233574,
    0.0898540086388588,
    0.07836601432561874,
    0.06344450554847718,
    0.05948948369026184,
    0.05879534851312637,
    0.04460282777249813,
    0.032951232904195785,
    0.026255501306056975,
    0.021250246612727643,
    0.018237163400650024,
    0.01636044373512268,
    0.013829414942860604,
    0.012047511866688728,
    0.008698130495846272,
    0.006199357843399048,
    0.004969646462798119,
    0.005298992213606834,
    0.0063985942482948305,
    0.0058345927089452744,
    0.019138435332477093,
    0.026352853879332543,
    0.01704182713329792,
    0.007703327861428261,
    0.024446520355716348,
    0.005554168474674225,
    0.005993520846404136,
    0.0020013359669595956,
    0.0014873671866953372,
    0.0013676368977874518,
    0.0011574607998132706,
    0.0014572358824312688,
    0.0014239329867064953,
    0.001083444732055068
  ],
  "train_acc": [
    68.95,
    91.43,
    94.23,
    95.41,
    95.97,
    96.8,
    97.08,
    97.95,
    98.19,
    98.54,
    98.71,
    98.72,
    99.14,
    99.45,
    99.66,
    99.87,
    99.84,
    99.91,
    99.88,
    99.92,
    99.99,
    100.0,
    100.0,
    100.0,
    99.97,
    100.0,
    99.57,
    99.45,
    99.68,
    99.95,
    99.49,
    99.95,
    99.94,
    100.0,
    100.0,
    100.0,
    100.0,
    100.0,
    100.0,
    100.0
  ],
  "val_loss": [
    0.7557657585144043,
    0.38269356155395506,
    0.25761483764648435,
    0.38590820121765135,
    0.1858728175163269,
    0.16357725620269775,
    0.15035160732269287,
    0.14230721426010132,
    0.13192059993743896,
    0.1731567883491516,
    0.15906344747543336,
    0.15936905479431152,
    0.2222760009765625,
    0.09883439683914184,
    0.11769659948349,
    0.11628085017204284,
    0.12957896518707276,
    0.10873620128631592,
    0.09537006902694702,
    0.09464855742454528,
    0.08170746386051178,
    0.08058032894134522,
    0.08568127238750457,
    0.10005930435657501,
    0.10058426761627197,
    0.08365826296806335,
    0.1641606945991516,
    0.1246683006286621,
    0.15317170524597168,
    0.11689378213882447,
    0.10986537957191467,
    0.09554763388633727,
    0.08758108818531037,
    0.08224489939212799,
    0.08202250480651856,
    0.0824867672920227,
    0.08316548001766205,
    0.08544675290584564,
    0.0805520761013031,
    0.08306338584423065
  ],
  "val_acc": [
    87.3,
    92.0,
    93.8,
    88.05,
    95.2,
    95.1,
    95.5,
    95.55,
    95.95,
    94.65,
    95.35,
    95.1,
    92.7,
    96.85,
    96.65,
    96.7,
    95.85,
    96.55,
    97.35,
    97.05,
    97.5,
    97.35,
    97.9,
    97.15,
    97.1,
    97.65,
    95.35,
    96.35,
    95.15,
    96.65,
    96.25,
    97.35,
    97.6,
    97.75,
    97.7,
    97.8,
    97.85,
    97.7,
    97.8,
    97.7
  ],
  "lr": [
    0.001,
    0.001,
    0.001,
    0.001,
    0.001,
    0.001,
    0.001,
    0.001,
    0.001,
    0.001,
    0.001,
    0.001,
    0.001,
    0.001,
    0.001,
    0.001,
    0.001,
    0.001,
    0.001,
    0.001,
    0.001,
    0.001,
    0.001,
    0.001,
    0.001,
    0.001,
    0.001,
    0.001,
    0.001,
    0.001,
    0.001,
    0.001,
    0.001,
    0.001,
    0.001,
    0.001,
    0.001,
    0.001,
    0.001,
    0.001
  ]
}