{
  "train_loss": [
    1.501338949394226,
    0.719607977771759,
    0.44180227227211,
    0.32667031908035277,
    0.2677415757417679,
    0.22432962045669555,
    0.19146414289474487,
    0.16817256174087525,
    0.1440915855228901,
    0.1254633761405945,
    0.1082080007314682,
    0.09452180871069431,
    0.0803068419933319,
    0.08355583938360214,
    0.06366279072761535,
    0.05778397661447525,
    0.04853425496220589,
    0.037302182257175444,
    0.03215208804607391,
    0.03569067013859749,
    0.02557830958366394,
    0.03483264928460121,
    0.01715068917274475,
    0.01355800964832306,
    0.010814788407087326,
    0.0074175297860056165,
    0.0063654502183198925,
    0.006254767350107431,
    0.005934534803032875,
    0.005765917520225048,
    0.0058017134964466095,
    0.005647926666773856,
    0.005453246727213264,
    0.005406877536512911,
    0.005265097688883543,
    0.0052738741979002956,
    0.005100648948550225,
    0.005121869026124477,
    0.005018344047665596,
    0.004970847910642624,
    0.004932663873583079,
    0.004745455396920443,
    0.004631297604739666,
    0.004506992636620999,
    0.004441780626773834,
    0.0044261698767542835,
    0.004447973468899727,
    0.004232696386426687,
    0.0041935033559799195,
    0.004250107769202441
  ],
  "train_acc": [
    62.12,
    86.57,
    90.12,
    91.93,
    93.08,
    94.16,
    95.0,
    95.52,
    96.26,
    96.7,
    97.29,
    97.8,
    98.15,
    98.2,
    98.7,
    98.86,
    99.08,
    99.57,
    99.71,
    99.4,
    99.75,
    99.44,
    99.94,
    99.98,
    99.99,
    100.0,
    100.0,
    100.0,
    100.0,
    100.0,
    100.0,
    100.0,
    100.0,
    100.0,
    100.0,
    100.0,
    100.0,
    100.0,
    100.0,
    100.0,
    100.0,
    100.0,
    100.0,
    100.0,
    100.0,
    100.0,
    100.0,
    100.0,
    100.0,
    100.0
  ],
  "val_loss": [
    1.0254428100585937,
    0.5841193580627442,
    0.39687587547302244,
    0.30555736637115477,
    0.26104998111724853,
    0.27503500556945804,
    0.25706621742248537,
    0.29129973888397215,
    0.19398270416259766,
    0.20990745878219605,
    0.1825392894744873,
    0.16698600482940673,
    0.17944181823730468,
    0.15972627687454224,
    0.16471847486495972,
    0.27352133750915525,
    0.15791408157348633,
    0.20172701644897462,
    0.20884522581100465,
    0.24157852745056152,
    0.23826737451553345,
    0.1437853775024414,
    0.15612875270843507,
    0.146541556596756,
    0.14537171792984008,
    0.12651348567008971,
    0.1264698839187622,
    0.12728100752830504,
    0.1257981939315796,
    0.12326408243179321,
    0.12520115756988526,
    0.12299359893798828,
    0.12633198642730714,
    0.12364267897605896,
    0.12696815872192382,
    0.12376587224006654,
    0.12422144770622254,
    0.1253346424102783,
    0.12391785907745362,
    0.12675012612342834,
    0.12624266815185547,
    0.12721228194236756,
    0.12832588005065917,
    0.12564394497871398,
    0.1264414517879486,
    0.12660606360435486,
    0.12569213390350342,
    0.12738236260414124,
    0.12657915997505187,
    0.13313857460021972
  ],
  "val_acc": [
    80.25,
    86.15,
    89.85,
    91.75,
    92.3,
    91.8,
    92.7,
    90.5,
    94.0,
    93.55,
    93.85,
    94.55,
    94.65,
    95.2,
    94.9,
    90.8,
    94.65,
    93.75,
    93.7,
    93.2,
    92.7,
    95.3,
    95.25,
    95.1,
    95.35,
    96.15,
    96.25,
    95.95,
    96.05,
    96.1,
    96.05,
    96.3,
    96.2,
    96.15,
    96.3,
    96.15,
    96.1,
    96.2,
    96.15,
    96.05,
    96.4,
    96.0,
    95.9,
    96.2,
    96.05,
    96.2,
    96.15,
    96.2,
    96.4,
    95.9
  ],
  "lr": [
    0.001,
    0.001,
    0.001,
    0.001,
    0.001,
    0.001,
    0.001,
    0.001,
    0.001,
    0.001,
    0.001,
    0.001,
    0.001,
    0.001,
    0.001,
    0.001,
    0.001,
    0.001,
    0.001,
    0.001,
    0.001,
    0.001,
    0.001,
    0.001,
    0.001,
    0.0001,
    0.0001,
    0.0001,
    0.0001,
    0.0001,
    0.0001,
    0.0001,
    0.0001,
    0.0001,
    0.0001,
    0.0001,
    0.0001,
    0.0001,
    0.0001,
    0.0001,
    0.0001,
    0.0001,
    0.0001,
    0.0001,
    0.0001,
    0.0001,
    0.0001,
    0.0001,
    0.0001,
    0.0001
  ]
}