{
  "train_loss": [
    1.520173526573181,
    0.7369635964870452,
    0.4443529347419739,
    0.3183859847068787,
    0.25756503806114195,
    0.21090540556907653,
    0.1819387627720833,
    0.15664461135864258,
    0.13759013270139694,
    0.1202501975774765,
    0.10835816984176636,
    0.10051601803302765,
    0.0857158546447754,
    0.06870484329462051,
    0.06306800873279572,
    0.06348660006523132,
    0.05226764326095581,
    0.04644286210536957,
    0.036767031332850454,
    0.031416064465045926,
    0.029709422874450685,
    0.01992224194854498,
    0.016095421367883684,
    0.026590748649835586,
    0.015347949024662376,
    0.009218634162843227,
    0.007544445064663887,
    0.006824202463030815,
    0.006744775773584843,
    0.0065507193148136135,
    0.006499125647544861,
    0.006310654655098915,
    0.006384938415884972,
    0.006064334732294082,
    0.005998303183913231,
    0.005891322918608785,
    0.005632951106131077,
    0.005613897690176964,
    0.005860617724061012,
    0.005558340918272734,
    0.005312257772684097,
    0.005274094578623771,
    0.0051142674386501314,
    0.005223756108060479,
    0.005064408886432648,
    0.004864436077699065,
    0.004700476720929146,
    0.004619692870602011,
    0.004549775500223041,
    0.004462278527021408
  ],
  "train_acc": [
    59.27,
    85.48,
    89.93,
    92.4,
    93.57,
    94.38,
    95.24,
    95.9,
    96.34,
    96.81,
    97.25,
    97.49,
    97.97,
    98.62,
    98.66,
    98.55,
    98.95,
    99.08,
    99.42,
    99.62,
    99.61,
    99.92,
    99.95,
    99.6,
    99.89,
    100.0,
    100.0,
    100.0,
    100.0,
    100.0,
    100.0,
    100.0,
    100.0,
    100.0,
    100.0,
    100.0,
    100.0,
    100.0,
    100.0,
    100.0,
    100.0,
    100.0,
    100.0,
    100.0,
    100.0,
    100.0,
    100.0,
    100.0,
    100.0,
    100.0
  ],
  "val_loss": [
    1.0671545867919923,
    0.600641035079956,
    0.39122843170166016,
    0.3318512954711914,
    0.2780041360855103,
    0.2345057020187378,
    0.22990318155288697,
    0.2257693281173706,
    0.21249201345443725,
    0.18468107843399048,
    0.1945262951850891,
    0.21065840864181518,
    0.18448837566375734,
    0.15477954435348512,
    0.20499605083465577,
    0.1631543574333191,
    0.17795943212509155,
    0.15342963695526124,
    0.2034748773574829,
    0.18106695890426636,
    0.14076547503471373,
    0.15314081621170045,
    0.21219916152954102,
    0.20982472324371337,
    0.14198382568359375,
    0.1289401068687439,
    0.12891816926002503,
    0.12950257563591003,
    0.13140180444717406,
    0.13009479546546937,
    0.1292822186946869,
    0.12868618655204772,
    0.12879763245582582,
    0.12845283341407776,
    0.13059890913963318,
    0.1292300822734833,
    0.12780651354789735,
    0.12899958539009093,
    0.12911106991767884,
    0.12850279808044435,
    0.13178553223609923,
    0.12949793815612792,
    0.13126805639266967,
    0.13014650201797484,
    0.1290339810848236,
    0.13351803612709046,
    0.13285053920745848,
    0.13239729809761047,
    0.13173566699028016,
    0.13198575949668884
  ],
  "val_acc": [
    74.5,
    85.95,
    90.15,
    91.25,
    91.95,
    93.4,
    93.3,
    92.8,
    93.85,
    94.25,
    93.75,
    93.05,
    94.15,
    95.0,
    93.15,
    95.1,
    94.45,
    94.95,
    93.75,
    94.15,
    95.7,
    95.35,
    93.55,
    93.55,
    95.4,
    96.15,
    96.2,
    96.05,
    96.15,
    96.2,
    96.2,
    96.2,
    96.2,
    96.25,
    96.1,
    96.2,
    96.05,
    96.15,
    96.1,
    96.1,
    95.9,
    96.45,
    96.35,
    96.2,
    96.25,
    96.1,
    96.15,
    96.1,
    96.15,
    96.2
  ],
  "lr": [
    0.001,
    0.001,
    0.001,
    0.001,
    0.001,
    0.001,
    0.001,
    0.001,
    0.001,
    0.001,
    0.001,
    0.001,
    0.001,
    0.001,
    0.001,
    0.001,
    0.001,
    0.001,
    0.001,
    0.001,
    0.001,
    0.001,
    0.001,
    0.001,
    0.001,
    0.0001,
    0.0001,
    0.0001,
    0.0001,
    0.0001,
    0.0001,
    0.0001,
    0.0001,
    0.0001,
    0.0001,
    0.0001,
    0.0001,
    0.0001,
    0.0001,
    0.0001,
    0.0001,
    0.0001,
    0.0001,
    0.0001,
    0.0001,
    0.0001,
    0.0001,
    0.0001,
    0.0001,
    0.0001
  ]
}