{
  "train_loss": [
    1.3341437797546387,
    0.4922707902431488,
    0.28333547792434693,
    0.20201094312667847,
    0.17223187851905822,
    0.13040786924362183,
    0.11695379699468612,
    0.08975280213356018,
    0.07819547920525075,
    0.06297038955688476,
    0.059815033531188964,
    0.06066791145801544,
    0.046789705330133435,
    0.03236564222574234,
    0.02598950937986374,
    0.021015654134750365,
    0.01719012777209282,
    0.01478966462612152,
    0.01613170970082283,
    0.013321120846271515,
    0.00869802373945713,
    0.00602835937589407,
    0.005127741225063801,
    0.004985182145237923,
    0.009829729582741857,
    0.004842464436590672,
    0.003461262673139572,
    0.0030207527488470077,
    0.0029584727227687834,
    0.002916290333867073,
    0.003425991880148649,
    0.002708317531645298,
    0.0028310602772980927,
    0.0025341794565320016,
    0.0024382463671267034,
    0.0024022038973867893,
    0.002320022292435169,
    0.0022511812672019005,
    0.002306028392910957,
    0.0022597976885735988,
    0.0021633821569383145,
    0.002112998938560486,
    0.002030672037601471,
    0.002074888118356466,
    0.0020785895772278307,
    0.0019752479404211046,
    0.0019246928412467242,
    0.0018699408501386642,
    0.0018382287297397852,
    0.0018315057575702667
  ],
  "train_acc": [
    68.83,
    91.51,
    94.08,
    95.33,
    95.96,
    96.87,
    97.06,
    97.88,
    98.17,
    98.59,
    98.66,
    98.62,
    99.12,
    99.47,
    99.71,
    99.85,
    99.89,
    99.93,
    99.82,
    99.95,
    99.99,
    100.0,
    100.0,
    100.0,
    99.92,
    100.0,
    100.0,
    100.0,
    100.0,
    100.0,
    100.0,
    100.0,
    100.0,
    100.0,
    100.0,
    100.0,
    100.0,
    100.0,
    100.0,
    100.0,
    100.0,
    100.0,
    100.0,
    100.0,
    100.0,
    100.0,
    100.0,
    100.0,
    100.0,
    100.0
  ],
  "val_loss": [
    0.7552733879089355,
    0.37911242294311526,
    0.2551237964630127,
    0.3878574638366699,
    0.17651453971862793,
    0.1682894253730774,
    0.15165658760070802,
    0.14135625839233398,
    0.13662439608573915,
    0.17303400707244873,
    0.1626944923400879,
    0.14656401300430297,
    0.1658987205028534,
    0.09444907093048095,
    0.1230926616191864,
    0.1008853394985199,
    0.09982731199264526,
    0.11621920955181121,
    0.09585673356056214,
    0.10260894060134888,
    0.08132661199569702,
    0.08111992788314819,
    0.08511401689052582,
    0.10711205363273621,
    0.11099237871170044,
    0.08130400991439819,
    0.08240657639503479,
    0.08234997367858887,
    0.08168196725845336,
    0.08199914050102233,
    0.08142498278617859,
    0.07973635625839233,
    0.0809195818901062,
    0.08079388308525086,
    0.08057118487358093,
    0.07974186754226685,
    0.07920264899730682,
    0.07919192552566529,
    0.08001832175254822,
    0.07979305458068847,
    0.08117286765575409,
    0.08036959433555603,
    0.08078046786785126,
    0.08121384525299072,
    0.0814825050830841,
    0.08318170928955078,
    0.08105793237686157,
    0.08156837892532348,
    0.08177086746692658,
    0.08145703530311585
  ],
  "val_acc": [
    87.15,
    92.05,
    93.7,
    87.9,
    95.25,
    95.15,
    95.4,
    95.65,
    95.65,
    94.8,
    95.35,
    95.6,
    94.6,
    97.35,
    96.75,
    97.35,
    96.9,
    96.5,
    97.25,
    96.65,
    97.3,
    97.15,
    97.65,
    96.65,
    96.65,
    97.65,
    97.6,
    97.65,
    97.6,
    97.6,
    97.65,
    97.65,
    97.6,
    97.6,
    97.7,
    97.6,
    97.6,
    97.8,
    97.7,
    97.75,
    97.7,
    97.6,
    97.75,
    97.75,
    97.75,
    97.8,
    97.8,
    97.75,
    97.7,
    97.7
  ],
  "lr": [
    0.001,
    0.001,
    0.001,
    0.001,
    0.001,
    0.001,
    0.001,
    0.001,
    0.001,
    0.001,
    0.001,
    0.001,
    0.001,
    0.001,
    0.001,
    0.001,
    0.001,
    0.001,
    0.001,
    0.001,
    0.001,
    0.001,
    0.001,
    0.001,
    0.001,
    0.0001,
    0.0001,
    0.0001,
    0.0001,
    0.0001,
    0.0001,
    0.0001,
    0.0001,
    0.0001,
    0.0001,
    0.0001,
    0.0001,
    0.0001,
    0.0001,
    0.0001,
    0.0001,
    0.0001,
    0.0001,
    0.0001,
    0.0001,
    0.0001,
    0.0001,
    0.0001,
    0.0001,
    0.0001
  ]
}