{
  "train_loss": [
    1.3840465230941772,
    0.5379895239830017,
    0.30009993448257444,
    0.20862158212661744,
    0.16405293967723847,
    0.13288257641792298,
    0.1163328842163086,
    0.09912733252048492,
    0.08105335552692414,
    0.06499955074787139,
    0.06111763255596161,
    0.04569578787386418,
    0.03781062428951264,
    0.054502793031930924,
    0.030705257773399355,
    0.024538831010460855,
    0.023033503261208534,
    0.014882846009731292,
    0.013563354033231735,
    0.021355835911631583,
    0.0123095019698143,
    0.03651344314813614,
    0.010422183924913406,
    0.018291241618990896,
    0.006870890229940414,
    0.004398509129881859,
    0.0035891045540571214,
    0.0035654915776103737,
    0.0033967671230435374,
    0.003840708965063095,
    0.0033375718638300896,
    0.003175010720640421,
    0.003000740073248744,
    0.002959342794120312,
    0.0029157731331884863,
    0.0028417418407276273,
    0.0027292422600090505,
    0.0027895161632448436,
    0.00270453292876482,
    0.0028380824476480484,
    0.0027466563150286673,
    0.00260908827111125,
    0.002497635903581977,
    0.002465835539624095,
    0.002407631605863571,
    0.0023643557742238043,
    0.0024371928207576276,
    0.002314659157767892,
    0.0023175831094384195,
    0.0024175816260278227
  ],
  "train_acc": [
    65.98,
    91.08,
    94.2,
    95.54,
    96.32,
    97.07,
    97.29,
    97.65,
    98.16,
    98.56,
    98.75,
    99.13,
    99.41,
    98.79,
    99.51,
    99.68,
    99.77,
    99.91,
    99.92,
    99.7,
    99.95,
    99.18,
    99.98,
    99.7,
    99.99,
    100.0,
    100.0,
    100.0,
    100.0,
    100.0,
    100.0,
    100.0,
    100.0,
    100.0,
    100.0,
    100.0,
    100.0,
    100.0,
    100.0,
    100.0,
    100.0,
    100.0,
    100.0,
    100.0,
    100.0,
    100.0,
    100.0,
    100.0,
    100.0,
    100.0
  ],
  "val_loss": [
    0.8282431030273437,
    0.42862461471557617,
    0.3111940145492554,
    0.24081539535522462,
    0.21461773109436036,
    0.1858776330947876,
    0.15046513414382934,
    0.1510555057525635,
    0.12805821561813355,
    0.16907546615600585,
    0.1444025707244873,
    0.14769785499572755,
    0.1934927110671997,
    0.10558926272392273,
    0.09709771752357482,
    0.1548794813156128,
    0.09999022960662841,
    0.09892525625228882,
    0.1159253351688385,
    0.09349184191226959,
    0.15081684398651124,
    0.1063001000881195,
    0.1418998281955719,
    0.08627507030963898,
    0.08888010835647583,
    0.07941946482658387,
    0.07991885507106782,
    0.07934175407886505,
    0.0780943650007248,
    0.07893841123580933,
    0.07866698801517487,
    0.0790601224899292,
    0.0785934499502182,
    0.07949420762062073,
    0.07950960111618043,
    0.07933379483222962,
    0.08021570909023285,
    0.07966288769245147,
    0.07937276321649551,
    0.07931155526638031,
    0.08008760070800781,
    0.08061285662651062,
    0.0809533165693283,
    0.08161478579044341,
    0.07906248986721039,
    0.08051985049247742,
    0.08116060876846314,
    0.08062925279140472,
    0.0785140151977539,
    0.08331313776969909
  ],
  "val_acc": [
    85.2,
    90.45,
    92.2,
    94.45,
    94.0,
    95.05,
    95.75,
    95.85,
    96.7,
    94.8,
    95.65,
    95.55,
    93.95,
    96.7,
    97.1,
    95.45,
    97.1,
    97.0,
    96.75,
    97.4,
    94.9,
    96.75,
    95.85,
    97.4,
    97.3,
    97.75,
    97.7,
    97.6,
    97.8,
    97.65,
    97.75,
    97.8,
    97.85,
    97.8,
    97.8,
    97.6,
    97.75,
    97.8,
    97.95,
    97.7,
    97.7,
    97.7,
    97.8,
    97.7,
    97.8,
    97.9,
    97.75,
    97.65,
    97.8,
    97.7
  ],
  "lr": [
    0.001,
    0.001,
    0.001,
    0.001,
    0.001,
    0.001,
    0.001,
    0.001,
    0.001,
    0.001,
    0.001,
    0.001,
    0.001,
    0.001,
    0.001,
    0.001,
    0.001,
    0.001,
    0.001,
    0.001,
    0.001,
    0.001,
    0.001,
    0.001,
    0.001,
    0.0001,
    0.0001,
    0.0001,
    0.0001,
    0.0001,
    0.0001,
    0.0001,
    0.0001,
    0.0001,
    0.0001,
    0.0001,
    0.0001,
    0.0001,
    0.0001,
    0.0001,
    0.0001,
    0.0001,
    0.0001,
    0.0001,
    0.0001,
    0.0001,
    0.0001,
    0.0001,
    0.0001,
    0.0001
  ]
}